000000C6, VoltageBusHV, 0.03
000000C6, VoltageCellMax, 0.0
000000C6, VoltageCellMin, 0.0
000000C6, CurrentBusHV, 0.0
000000F4, VCU_wheelSpeed_RL, 0.0
000000F4, VCU_wheelSpeed_RR, 0.0
000000F4, AMS_PackVoltage, 0.0
000000F4, RLSpeedKPH, 0.0
000000F4, RRSpeedKPH, 0.0
000000F4, FLSpeedKPH, 0.0
000000F4, FRSpeedKPH, 0.0
000000F4, TCTorqueMax, 3.392
000000F4, TCLeftSlip, -0.999
000000F4, TCRightSlip, -0.999
000000F4, TCTorqueAdjustment, 0.0
000000F4, TCTorqueMax, 1.024
000000F4, TCLeftSlip, 0.0
000000F4, TCRightSlip, 0.0
000000F4, TCTorqueAdjustment, 0.0
000000F4, StateBatteryChargeHV, 0.0
000000F4, StateBatteryHealthHV, 0.0
000000F4, StateBatteryPowerHV, 331.90000000000003
000000F4, TempCellMax, 156.0
000000F4, TempCellMin, 55.0
000000F4, StateBMS, Wait_System_Up
000000F4, HighestTempThermistor, 0
000000F4, BMU_checkFailed, BSPD_FAILED
000000F4, BMU_InterlockInitialized, 0
000000F4, VoltageCellMuxSelect, 4
000000F4, VoltageCell13, 3.8697000000000004
000000F4, VoltageCell14, 3.8708
000000F4, VoltageCell15, 3.8718000000000004
000000F5, AdjustedVoltageCellMuxSelect, 4
000000F5, AdjustedVoltageCell13, 3.8697000000000004
000000F5, AdjustedVoltageCell14, 3.8708
000000F5, AdjustedVoltageCell15, 3.8718000000000004
000000F5, AdjustedVoltageCellMuxSelect, 7
000000F5, AdjustedVoltageCell22, 0.00030000000000000003
000000F5, AdjustedVoltageCell23, 0.0
000000F5, AdjustedVoltageCell24, 0.0
000000F5, TempChannelMuxSelect, 4
000000F5, TempChannel13, 0.0
000000F5, TempChannel14, 0.0
000000F5, TempChannel15, 21.909999999999997
000000F5, TempChannelMuxSelect, 0
000000F5, TempChannel01, -99.95
000000F5, TempChannel02, -100.0
000000F5, TempChannel03, -100.0
000000F5, VCU_wheelSpeed_RL, 0.0
000000F5, VCU_wheelSpeed_RR, 0.0
000000F7, RLSpeedKPH, 0.0
000000F7, RRSpeedKPH, 0.0
000000F7, FLSpeedKPH, 0.0
000000F7, FRSpeedKPH, 0.0
000000F7, TCTorqueMax, 3.392
000000F7, TCLeftSlip, -0.999
000000F7, TCRightSlip, -0.999
000000F7, TCTorqueAdjustment, 0.0
00000126, VoltageCellMuxSelect, 5
00000126, VoltageCell16, 3.8693000000000004
00000126, VoltageCell17, 3.8692
00000126, VoltageCell18, 3.9612000000000003
00000126, AdjustedVoltageCellMuxSelect, 5
00000126, AdjustedVoltageCell16, 3.8693000000000004
00000126, AdjustedVoltageCell17, 3.8692
00000126, AdjustedVoltageCell18, 3.9612000000000003
00000126, AdjustedVoltageCellMuxSelect, 0
00000126, AdjustedVoltageCell01, 0.0006000000000000001
00000126, AdjustedVoltageCell02, 0.0
00000126, AdjustedVoltageCell03, 0.0
00000126, AdjustedVoltageCellMuxSelect, 1
00000126, AdjustedVoltageCell04, 5.8114
00000126, AdjustedVoltageCell05, 6.5535000000000005
00000126, AdjustedVoltageCell06, 0.025500000000000002
00000126, AdjustedVoltageCellMuxSelect, 2
00000126, AdjustedVoltageCell07, 0.6146
00000126, AdjustedVoltageCell08, 0.0
00000126, AdjustedVoltageCell09, 0.0
00000126, AdjustedVoltageCellMuxSelect, 3
00000126, AdjustedVoltageCell10, 1.0498
00000126, AdjustedVoltageCell11, 0.0
00000126, AdjustedVoltageCell12, 0.0
00000126, AdjustedVoltageCellMuxSelect, 7
00000126, AdjustedVoltageCell22, 0.0004
00000126, AdjustedVoltageCell23, 0.0
00000126, AdjustedVoltageCell24, 0.0
00000126, TempChannelMuxSelect, 5
00000126, TempChannel16, 0.0
00000126, TempChannel17, 0.0
00000126, TempChannel18, 0.0
00000127, ChannelCurrentRadiator, 0.214
00000127, ChannelCurrentAccFan, 0.214
00000127, ChannelCurrentPump1, 0.0
00000127, ChannelCurrentPump2, 0.228
00000127, ChannelCurrentAUX1, 0.0
00000127, ChannelCurrentAUX2, 0.17400000000000002
00000127, ChannelCurrentAUX3, 0.0
00000127, ChannelCurrentAUX4, 0.214
00000127, ChannelCurrentBMU, 0.496
00000127, ChannelCurrentCDU, 0.34900000000000003
00000127, ChannelCurrentTCU, 0.362
00000127, ChannelCurrentWSB, 0.604
00000127, ChannelCurrentBrakeLight, 0.0
00000127, ChannelCurrentInverter, 0.0
00000127, ChannelCurrentBrakeLight, 1.792
00000127, ChannelCurrentInverter, 0.004
00000129, VCU_wheelSpeed_RL, 0.0
00000129, VCU_wheelSpeed_RR, 0.0
00000129, RLSpeedKPH, 0.0
00000129, RRSpeedKPH, 0.0
00000129, FLSpeedKPH, 0.0
00000129, FRSpeedKPH, 0.0
00000129, TCTorqueMax, 3.392
00000129, TCLeftSlip, -0.999
00000129, TCRightSlip, -0.999
00000129, TCTorqueAdjustment, 0.0
00000129, TCTorqueMax, 1.287
00000129, TCLeftSlip, 0.0
00000129, TCRightSlip, 0.0
00000129, TCTorqueAdjustment, 0.0
00000129, TCTorqueMax, 2.048
00000129, TCLeftSlip, 0.006
00000129, TCRightSlip, 0.0
00000129, TCTorqueAdjustment, 0.0
00000158, BMU_checkFailed, BSPD_FAILED
00000158, BMU_InterlockInitialized, 0
00000158, VoltageCellMuxSelect, 6
00000158, VoltageCell19, 3.9501000000000004
00000158, VoltageCell20, 3.9530000000000003
00000158, VoltageCell21, 3.8701000000000003
00000158, AdjustedVoltageCellMuxSelect, 6
00000158, AdjustedVoltageCell19, 3.9501000000000004
00000158, AdjustedVoltageCell20, 3.9530000000000003
00000158, AdjustedVoltageCell21, 3.8702
00000158, VoltageBusHV, 0.0
00000158, VoltageCellMax, 4.0887
00000158, VoltageCellMin, 3.8665000000000003
00000158, CurrentBusHV, 0.0
00000158, TempChannelMuxSelect, 6
00000158, TempChannel19, 0.0
00000158, TempChannel20, 0.0
00000158, TempChannel21, 0.0
00000158, AMS_PackVoltage, 546.92
00000158, VCU_wheelSpeed_RL, 0.0
00000158, VCU_wheelSpeed_RR, 0.0
00000159, RLSpeedKPH, 0.0
00000159, RRSpeedKPH, 0.0
00000159, FLSpeedKPH, 0.0
00000159, FRSpeedKPH, 0.0
0000015A, RLSpeedKPH, 92.16
0000015A, RRSpeedKPH, 0.04
0000015A, FLSpeedKPH, 0.0
0000015A, FRSpeedKPH, 0.0
0000015A, RLSpeedKPH, 30.76
0000015A, RRSpeedKPH, -0.48
0000015A, FLSpeedKPH, -0.04
0000015A, FRSpeedKPH, 0.0
0000015A, RLSpeedKPH, 30.8
0000015A, RRSpeedKPH, 2.64
0000015A, FLSpeedKPH, 0.0
0000015A, FRSpeedKPH, 0.0
0000015A, RLSpeedKPH, 30.84
0000015A, RRSpeedKPH, 1.16
0000015A, FLSpeedKPH, 0.0
0000015A, FRSpeedKPH, 0.0
0000015B, RLSpeedKPH, 61.72
0000015B, RRSpeedKPH, 0.0
0000015B, FLSpeedKPH, 0.0
0000015B, FRSpeedKPH, 0.0
0000015B, TCTorqueMax, 3.392
0000015B, TCLeftSlip, -0.999
0000015B, TCRightSlip, -0.999
0000015B, TCTorqueAdjustment, 0.0
0000015B, TCTorqueMax, 2.56
0000015B, TCLeftSlip, 0.009000000000000001
0000015B, TCRightSlip, 0.0
0000015B, TCTorqueAdjustment, 0.0
0000015B, StateBatteryChargeHV, 98.80000000000001
0000015B, StateBatteryHealthHV, 0.0
0000015B, StateBatteryPowerHV, 331.90000000000003
0000015B, TempCellMax, 156.0
0000015B, TempCellMin, 55.0
0000015B, StateBMS, Wait_System_Up
0000015B, HighestTempThermistor, 0
0000015B, StateBatteryChargeHV, 77.5
0000015B, StateBatteryHealthHV, 0.1
0000015B, StateBatteryPowerHV, 0.0
0000015B, TempCellMax, 90.0
0000015B, TempCellMin, 90.0
0000015B, StateBMS, Self_Check
0000015B, HighestTempThermistor, 0
0000015B, VCU_wheelSpeed_RL, 0.0
0000015B, VCU_wheelSpeed_RR, 0.0
0000015B, RLSpeedKPH, 0.0
0000015B, RRSpeedKPH, 0.0
0000015B, FLSpeedKPH, 0.0
0000015B, FRSpeedKPH, 0.0
0000018A, TCTorqueMax, 3.392
0000018A, TCLeftSlip, -0.999
0000018A, TCRightSlip, -0.999
0000018A, TCTorqueAdjustment, 0.0
0000018A, TCTorqueMax, 2.816
0000018A, TCLeftSlip, 0.012
0000018A, TCRightSlip, 0.0
0000018A, TCTorqueAdjustment, 0.0
0000018A, VoltageCellMuxSelect, 7
0000018A, VoltageCell22, 3.8699000000000003
0000018A, VoltageCell23, 3.8708
0000018A, VoltageCell24, 3.8716000000000004
0000018A, AdjustedVoltageCellMuxSelect, 7
0000018A, AdjustedVoltageCell22, 3.8698
0000018A, AdjustedVoltageCell23, 3.8708
0000018A, AdjustedVoltageCell24, 3.8716000000000004
0000018C, TempChannelMuxSelect, 7
0000018C, TempChannel22, 0.0
0000018C, TempChannel23, 0.0
0000018C, TempChannel24, 0.0
0000018C, ChannelCurrentRadiator, 0.214
0000018C, ChannelCurrentAccFan, 0.201
0000018C, ChannelCurrentPump1, 0.0
0000018C, ChannelCurrentPump2, 0.241
0000018C, ChannelCurrentAUX1, 0.0
0000018C, ChannelCurrentAUX2, 0.214
0000018C, ChannelCurrentAUX3, 0.0
0000018C, ChannelCurrentAUX4, 0.214
0000018C, ChannelCurrentBMU, 0.537
0000018C, ChannelCurrentCDU, 0.362
0000018C, ChannelCurrentTCU, 0.362
0000018C, ChannelCurrentWSB, 0.644
0000018C, ChannelCurrentBrakeLight, 0.0
0000018C, ChannelCurrentInverter, 0.0
0000018C, ChannelCurrentBrakeLight, 3.072
0000018C, ChannelCurrentInverter, 0.007
0000018C, ChannelCurrentBrakeLight, 1.025
0000018C, ChannelCurrentInverter, 0.022
0000018C, ChannelCurrentBrakeLight, 1.026
0000018C, ChannelCurrentInverter, 0.016
0000018D, ChannelCurrentBrakeLight, 1.027
0000018D, ChannelCurrentInverter, 0.062
0000018D, ChannelCurrentBrakeLight, 2.055
0000018D, ChannelCurrentInverter, 0.0
0000018D, VCU_wheelSpeed_RL, 0.0
0000018D, VCU_wheelSpeed_RR, 0.0
0000018D, RLSpeedKPH, 0.0
0000018D, RRSpeedKPH, 0.0
0000018D, FLSpeedKPH, 0.0
0000018D, FRSpeedKPH, 0.0
0000018D, TCTorqueMax, 3.392
0000018D, TCLeftSlip, -0.999
0000018D, TCRightSlip, -0.999
0000018D, TCTorqueAdjustment, 0.0
0000018D, TCTorqueMax, 3.3280000000000003
0000018D, TCLeftSlip, 0.0
0000018D, TCRightSlip, 0.0
0000018D, TCTorqueAdjustment, 0.0
000001BC, BMU_checkFailed, BSPD_FAILED
000001BC, BMU_InterlockInitialized, 0
000001BD, VoltageCellMuxSelect, 8
000001BD, VoltageCell25, 3.9112
000001BD, VoltageCell26, 3.8720000000000003
000001BD, VoltageCell27, 3.867
000001BD, VoltageCellMuxSelect, 7
000001BD, VoltageCell22, 0.0009000000000000001
000001BD, VoltageCell23, 0.0
000001BD, VoltageCell24, 0.0
000001BD, AdjustedVoltageCellMuxSelect, 8
000001BD, AdjustedVoltageCell25, 3.9112
000001BD, AdjustedVoltageCell26, 3.8720000000000003
000001BD, AdjustedVoltageCell27, 3.8668
000001BD, TempChannelMuxSelect, 8
000001BD, TempChannel25, 0.0
000001BD, TempChannel26, 0.0
000001BD, TempChannel27, 0.0
000001BE, VoltageBusHV, 0.02
000001BE, VoltageCellMax, 4.0885
000001BE, VoltageCellMin, 3.8665000000000003
000001BE, CurrentBusHV, 0.0
000001BE, VoltageBusHV, 35.84
000001BE, VoltageCellMax, 0.0
000001BE, VoltageCellMin, 0.0
000001BE, CurrentBusHV, 0.0
000001BE, AMS_PackVoltage, 546.92
000001BE, VCU_wheelSpeed_RL, 0.0
000001BE, VCU_wheelSpeed_RR, 0.0
000001BE, RLSpeedKPH, 0.0
000001BE, RRSpeedKPH, 0.0
000001BE, FLSpeedKPH, 0.0
000001BE, FRSpeedKPH, 0.0
000001BE, TCTorqueMax, 3.392
000001BE, TCLeftSlip, -0.999
000001BE, TCRightSlip, -0.999
000001BE, TCTorqueAdjustment, 0.0
000001BE, TCTorqueMax, 3.84
000001BE, TCLeftSlip, 0.012
000001BE, TCRightSlip, 0.0
000001BE, TCTorqueAdjustment, 0.0
000001BF, TCTorqueMax, 1.281
000001BF, TCLeftSlip, 0.018000000000000002
000001BF, TCRightSlip, 0.0
000001BF, TCTorqueAdjustment, 0.0
000001BF, TCTorqueMax, 1.282
000001BF, TCLeftSlip, 0.14100000000000001
000001BF, TCRightSlip, 0.0
000001BF, TCTorqueAdjustment, 0.0
000001C0, TCTorqueMax, 1.283
000001C0, TCLeftSlip, 0.111
000001C0, TCRightSlip, 0.0
000001C0, TCTorqueAdjustment, 0.0
000001C0, TCTorqueMax, 2.567
000001C0, TCLeftSlip, 0.0
000001C0, TCRightSlip, 0.0
000001C0, TCTorqueAdjustment, 0.0
000001EE, TCTorqueMax, 0.0
000001EE, TCLeftSlip, -0.003
000001EE, TCRightSlip, -0.003
000001EE, TCTorqueAdjustment, 0.0
000001EE, VCU_wheelSpeed_RL, 0.0
000001EE, VCU_wheelSpeed_RR, 0.0
000001EE, RLSpeedKPH, 0.0
000001EE, RRSpeedKPH, 0.0
000001EE, FLSpeedKPH, 0.0
000001EE, FRSpeedKPH, 0.0
000001EE, TCTorqueMax, 3.392
000001EE, TCLeftSlip, -0.999
000001EE, TCRightSlip, -0.999
000001EE, TCTorqueAdjustment, 0.0
000001EE, TCTorqueMax, 2.823
000001EE, TCLeftSlip, 0.0
000001EE, TCRightSlip, 0.0
000001EE, TCTorqueAdjustment, 0.0
000001EE, ChannelCurrentRadiator, 0.214
000001EE, ChannelCurrentAccFan, 0.228
000001EE, ChannelCurrentPump1, 0.0
000001EE, ChannelCurrentPump2, 0.241
000001EE, StateBatteryChargeHV, 98.80000000000001
000001EE, StateBatteryHealthHV, 0.0
000001EE, StateBatteryPowerHV, 331.90000000000003
000001EE, TempCellMax, 156.0
000001EE, TempCellMin, 55.0
000001EE, StateBMS, Wait_System_Up
000001EE, HighestTempThermistor, 0
000001EE, ChannelCurrentAUX1, 0.0
000001EE, ChannelCurrentAUX2, 0.17400000000000002
000001EE, ChannelCurrentAUX3, 0.0
000001EE, ChannelCurrentAUX4, 0.214
000001EF, ChannelCurrentBMU, 0.537
000001EF, ChannelCurrentCDU, 0.34900000000000003
000001EF, ChannelCurrentTCU, 0.362
000001EF, ChannelCurrentWSB, 0.577
000001EF, ChannelCurrentBrakeLight, 0.0
000001EF, ChannelCurrentInverter, 0.0
000001EF, AdjustedVoltageCellMuxSelect, 9
000001EF, AdjustedVoltageCell28, 3.9811
000001EF, AdjustedVoltageCell29, 3.9519
000001EF, AdjustedVoltageCell30, 3.9506
000001EF, TempChannelMuxSelect, 9
000001EF, TempChannel28, 21.049999999999997
000001EF, TempChannel29, 21.040000000000006
000001EF, TempChannel30, 21.090000000000003
000001EF, TempChannelMuxSelect, 0
000001EF, TempChannel01, -92.31
000001EF, TempChannel02, -100.0
000001EF, TempChannel03, -100.0
000001F1, VCU_wheelSpeed_RL, 0.0
000001F1, VCU_wheelSpeed_RR, 0.0
000001F1, RLSpeedKPH, 0.0
000001F1, RRSpeedKPH, 0.0
000001F1, FLSpeedKPH, 0.0
000001F1, FRSpeedKPH, 0.0
000001F1, TCTorqueMax, 3.392
000001F1, TCLeftSlip, -0.999
000001F1, TCRightSlip, -0.999
000001F1, TCTorqueAdjustment, 0.0
000001F1, TCTorqueMax, 0.512
000001F1, TCLeftSlip, 0.0
000001F1, TCRightSlip, 0.0
000001F1, TCTorqueAdjustment, 0.0
000001F1, TCTorqueMax, 1.537
000001F1, TCLeftSlip, 0.006
000001F1, TCRightSlip, 0.0
000001F1, TCTorqueAdjustment, 0.0
000001F1, TCTorqueMax, 1.538
000001F1, TCLeftSlip, 0.105
000001F1, TCRightSlip, 0.0
000001F1, TCTorqueAdjustment, 0.0
000001F1, TCTorqueMax, 1.539
000001F1, TCLeftSlip, 0.129
000001F1, TCRightSlip, 0.0
000001F1, TCTorqueAdjustment, 0.0
000001F1, TCTorqueMax, 3.079
000001F1, TCLeftSlip, 0.0
000001F1, TCRightSlip, 0.0
000001F1, TCTorqueAdjustment, 0.0
000001F2, ThrottlePercent, 0
000001F2, BrakePercent, 6
000001F2, brakePressure, 10
000001F2, SteeringAngle, -4
000001F2, BrakeWhileThrottle, 0
00000220, BMU_checkFailed, BSPD_FAILED
00000220, BMU_InterlockInitialized, 0
00000220, VoltageCellMuxSelect, 10
00000220, VoltageCell31, 3.9025000000000003
00000220, VoltageCell32, 3.8696
00000220, VoltageCell33, 3.8712
00000220, AdjustedVoltageCellMuxSelect, 10
00000220, AdjustedVoltageCell31, 3.9022
00000220, AdjustedVoltageCell32, 3.8696
00000220, AdjustedVoltageCell33, 3.8712
00000220, TempChannelMuxSelect, 10
00000220, TempChannel31, 0.0
00000220, TempChannel32, 0.0
00000220, TempChannel33, 0.0
00000220, TempChannelMuxSelect, 0
00000220, TempChannel01, -94.85
00000220, TempChannel02, -100.0
00000220, TempChannel03, -100.0
00000222, VoltageBusHV, 0.0
00000222, VoltageCellMax, 4.0885
00000222, VoltageCellMin, 3.8665000000000003
00000222, CurrentBusHV, 0.0
00000222, AMS_PackVoltage, 546.92
00000222, AMS_PackVoltage, 33.35
00000222, VCU_wheelSpeed_RL, 0.0
00000222, VCU_wheelSpeed_RR, 0.0
00000222, RLSpeedKPH, 0.0
00000222, RRSpeedKPH, 0.0
00000222, FLSpeedKPH, 0.0
00000222, FRSpeedKPH, 0.0
00000222, TCTorqueMax, 3.392
00000222, TCLeftSlip, -0.999
00000222, TCRightSlip, -0.999
00000222, TCTorqueAdjustment, 0.0
00000223, TCTorqueMax, 1.024
00000223, TCLeftSlip, 0.003
00000223, TCRightSlip, 0.0
00000223, TCTorqueAdjustment, 0.0
00000223, ThrottlePercent, 0
00000223, BrakePercent, 6
00000223, brakePressure, 10
00000223, SteeringAngle, -3
00000223, BrakeWhileThrottle, 0
00000223, ThrottlePercent, 0
00000223, BrakePercent, 5
00000223, brakePressure, 0
00000223, SteeringAngle, 0
00000223, BrakeWhileThrottle, 0
00000252, ThrottlePercent, 1
00000252, BrakePercent, 7
00000252, brakePressure, 10
00000252, SteeringAngle, 0
00000252, BrakeWhileThrottle, 0
00000252, ThrottlePercent, 2
00000252, BrakePercent, 7
00000252, brakePressure, 16
00000252, SteeringAngle, 0
00000252, BrakeWhileThrottle, 0
00000252, ThrottlePercent, 3
00000252, BrakePercent, 7
00000252, brakePressure, 39
00000252, SteeringAngle, 0
00000252, BrakeWhileThrottle, 0
00000252, ThrottlePercent, 7
00000252, BrakePercent, 14
00000252, brakePressure, 0
00000252, SteeringAngle, 0
00000252, BrakeWhileThrottle, 0
00000252, VoltageBusLV, 12.115
00000252, CurrentBusLV, 0.0
00000252, PowerBusLV, 0
00000257, VoltageCellMuxSelect, 11
00000257, VoltageCell34, 3.8707000000000003
00000257, VoltageCell35, 3.8704
00000257, VoltageCell36, 3.8693000000000004
00000257, AdjustedVoltageCellMuxSelect, 11
00000257, AdjustedVoltageCell34, 3.8706
00000257, AdjustedVoltageCell35, 3.8703000000000003
00000257, AdjustedVoltageCell36, 3.8694
00000257, VCU_wheelSpeed_RL, 0.0
00000257, VCU_wheelSpeed_RR, 0.0
00000258, RLSpeedKPH, 0.0
00000258, RRSpeedKPH, 0.0
00000258, FLSpeedKPH, 0.0
00000258, FRSpeedKPH, 0.0
00000258, TempChannelMuxSelect, 11
00000258, TempChannel34, 0.0
00000258, TempChannel35, 0.0
00000258, TempChannel36, 0.0
00000258, TCTorqueMax, 3.392
00000258, TCLeftSlip, -0.999
00000258, TCRightSlip, -0.999
00000258, TCTorqueAdjustment, 0.0
00000258, ChannelCurrentRadiator, 0.214
00000258, ChannelCurrentAccFan, 0.187
00000258, ChannelCurrentPump1, 0.0
00000258, ChannelCurrentPump2, 0.187
00000258, ChannelCurrentAUX1, 0.0
00000258, ChannelCurrentAUX2, 0.187
00000258, ChannelCurrentAUX3, 0.0
00000258, ChannelCurrentAUX4, 0.214
00000258, ChannelCurrentBMU, 0.537
00000258, ChannelCurrentCDU, 0.335
00000258, ChannelCurrentTCU, 0.34900000000000003
00000258, ChannelCurrentWSB, 0.631
00000258, ChannelCurrentBrakeLight, 0.0
00000258, ChannelCurrentInverter, 0.0
00000258, ChannelCurrentBrakeLight, 1.536
00000258, ChannelCurrentInverter, 0.002
00000259, ChannelCurrentBrakeLight, 3.847
00000259, ChannelCurrentInverter, 0.0
00000259, StateBatteryChargeHV, 98.80000000000001
00000259, StateBatteryHealthHV, 0.0
00000259, StateBatteryPowerHV, 331.90000000000003
00000259, TempCellMax, 156.0
00000259, TempCellMin, 55.0
00000259, StateBMS, Wait_System_Up
00000259, HighestTempThermistor, 0
00000259, StateBatteryChargeHV, 76.80000000000001
00000259, StateBatteryHealthHV, 6.5
00000259, StateBatteryPowerHV, 0.0
00000259, TempCellMax, 90.0
00000259, TempCellMin, 90.0
00000259, StateBMS, Self_Check
00000259, HighestTempThermistor, 0
00000259, VCU_wheelSpeed_RL, 0.0
00000259, VCU_wheelSpeed_RR, 0.0
0000025A, RLSpeedKPH, 0.0
0000025A, RRSpeedKPH, 0.0
0000025A, FLSpeedKPH, 0.0
0000025A, FRSpeedKPH, 0.0
0000025B, TCTorqueMax, 3.392
0000025B, TCLeftSlip, -0.999
0000025B, TCRightSlip, -0.999
0000025B, TCTorqueAdjustment, 0.0
0000025B, ThrottlePercent, 0
0000025B, BrakePercent, 6
0000025B, brakePressure, 10
0000025B, SteeringAngle, -3
0000025B, BrakeWhileThrottle, 0
00000284, BMU_checkFailed, BSPD_FAILED
00000284, BMU_InterlockInitialized, 0
00000284, VoltageCellMuxSelect, 12
00000284, VoltageCell37, 3.8699000000000003
00000284, VoltageCell38, 3.9600000000000004
00000284, VoltageCell39, 3.9498
00000284, AdjustedVoltageCellMuxSelect, 12
00000284, AdjustedVoltageCell37, 3.8696
00000284, AdjustedVoltageCell38, 3.9602000000000004
00000284, AdjustedVoltageCell39, 3.9497
00000284, TempChannelMuxSelect, 12
00000284, TempChannel37, 0.0
00000284, TempChannel38, 0.0
00000284, TempChannel39, 0.0
00000284, TempChannelMuxSelect, 0
00000284, TempChannel01, -97.36
00000284, TempChannel02, -100.0
00000284, TempChannel03, -100.0
00000284, TempChannelMuxSelect, 1
00000284, TempChannel04, 529.84
00000284, TempChannel05, 555.35
00000284, TempChannel06, -97.45
00000284, TempChannelMuxSelect, 2
00000284, TempChannel07, -64.08
00000284, TempChannel08, -100.0
00000284, TempChannel09, -100.0
00000284, TempChannelMuxSelect, 3
00000284, TempChannel10, -25.679999999999993
00000284, TempChannel11, -100.0
00000284, TempChannel12, -100.0
00000285, VoltageBusHV, 0.0
00000285, VoltageCellMax, 4.0885
00000285, VoltageCellMin, 3.8665000000000003
00000285, CurrentBusHV, 0.0
00000286, AMS_PackVoltage, 546.92
00000286, VCU_wheelSpeed_RL, 0.0
00000286, VCU_wheelSpeed_RR, 0.0
00000287, RLSpeedKPH, 0.0
00000287, RRSpeedKPH, 0.0
00000287, FLSpeedKPH, 0.0
00000287, FRSpeedKPH, 0.0
00000287, TCTorqueMax, 3.392
00000287, TCLeftSlip, -0.999
00000287, TCRightSlip, -0.999
00000287, TCTorqueAdjustment, 0.0
00000287, TCTorqueMax, 0.263
00000287, TCLeftSlip, 0.0
00000287, TCRightSlip, 0.0
00000287, TCTorqueAdjustment, 0.0
00000287, ThrottlePercent, 0
00000287, BrakePercent, 6
00000287, brakePressure, 10
00000287, SteeringAngle, -3
00000287, BrakeWhileThrottle, 0
00000287, ThrottlePercent, 0
00000287, BrakePercent, 10
00000287, brakePressure, 6
00000287, SteeringAngle, 0
00000287, BrakeWhileThrottle, 0
000002B6, VoltageCellMuxSelect, 13
000002B6, VoltageCell40, 3.9518
000002B6, VoltageCell41, 3.9046000000000003
000002B6, VoltageCell42, 3.9366000000000003
000002B6, AdjustedVoltageCellMuxSelect, 13
000002B6, AdjustedVoltageCell40, 3.9518
000002B6, AdjustedVoltageCell41, 3.9045
000002B6, AdjustedVoltageCell42, 3.9365
000002B6, TempChannelMuxSelect, 13
000002B6, TempChannel40, 0.0
000002B6, TempChannel41, 0.0
000002B6, TempChannel42, 21.35000000000001
000002B6, VCU_wheelSpeed_RL, 0.0
000002B6, VCU_wheelSpeed_RR, 0.0
000002B6, RLSpeedKPH, 0.0
000002B6, RRSpeedKPH, 0.0
000002B6, FLSpeedKPH, 0.0
000002B6, FRSpeedKPH, 0.0
000002B6, ChannelCurrentRadiator, 0.214
000002B6, ChannelCurrentAccFan, 0.214
000002B6, ChannelCurrentPump1, 0.0
000002B6, ChannelCurrentPump2, 0.17400000000000002
000002B6, TCTorqueMax, 3.392
000002B6, TCLeftSlip, -0.999
000002B6, TCRightSlip, -0.999
000002B6, TCTorqueAdjustment, 0.0
000002B8, ChannelCurrentAUX1, 0.0
000002B8, ChannelCurrentAUX2, 0.214
000002B8, ChannelCurrentAUX3, 0.0
000002B8, ChannelCurrentAUX4, 0.214
000002B8, ChannelCurrentBMU, 0.523
000002B8, ChannelCurrentCDU, 0.375
000002B8, ChannelCurrentTCU, 0.362
000002B8, ChannelCurrentWSB, 0.617
000002B8, ChannelCurrentBrakeLight, 0.0
000002B8, ChannelCurrentInverter, 0.0
000002B8, ChannelCurrentBrakeLight, 2.816
000002B8, ChannelCurrentInverter, 65.535
000002B8, ChannelCurrentBrakeLight, 2.305
000002B8, ChannelCurrentInverter, 0.002
000002B8, ChannelCurrentBrakeLight, 2.306
000002B8, ChannelCurrentInverter, 0.027
000002B9, ChannelCurrentBrakeLight, 2.307
000002B9, ChannelCurrentInverter, 0.058
000002B9, ChannelCurrentBrakeLight, 0.519
000002B9, ChannelCurrentInverter, 0.0
000002B9, ChannelCurrentBrakeLight, 3.072
000002B9, ChannelCurrentInverter, 65.533
000002B9, ThrottlePercent, 0
000002B9, BrakePercent, 6
000002B9, brakePressure, 10
000002B9, SteeringAngle, -3
000002B9, BrakeWhileThrottle, 0
000002B9, VCU_wheelSpeed_RL, 0.0
000002B9, VCU_wheelSpeed_RR, 0.0
000002B9, RLSpeedKPH, 0.0
000002B9, RRSpeedKPH, 0.0
000002B9, FLSpeedKPH, 0.0
000002B9, FRSpeedKPH, 0.0
000002E8, TCTorqueMax, 3.392
000002E8, TCLeftSlip, -0.999
000002E8, TCRightSlip, -0.999
000002E8, TCTorqueAdjustment, 0.0
000002E8, TCTorqueMax, 3.3280000000000003
000002E8, TCLeftSlip, 0.0
000002E8, TCRightSlip, 0.0
000002E8, TCTorqueAdjustment, 0.0
000002E9, StateBatteryChargeHV, 98.80000000000001
000002E9, StateBatteryHealthHV, 0.0
000002E9, StateBatteryPowerHV, 331.90000000000003
000002E9, TempCellMax, 156.0
000002E9, TempCellMin, 55.0
000002E9, StateBMS, Wait_System_Up
000002E9, HighestTempThermistor, 0
000002E9, BMU_checkFailed, BSPD_FAILED
000002E9, BMU_InterlockInitialized, 0
000002EA, VoltageCellMuxSelect, 14
000002EA, VoltageCell43, 3.9375
000002EA, VoltageCell44, 3.9351000000000003
000002EA, VoltageCell45, 3.9379000000000004
000002EA, AdjustedVoltageCellMuxSelect, 14
000002EA, AdjustedVoltageCell43, 3.9375
000002EA, AdjustedVoltageCell44, 3.9351000000000003
000002EA, AdjustedVoltageCell45, 3.9378
000002EA, TempChannelMuxSelect, 14
000002EA, TempChannel43, 21.510000000000005
000002EA, TempChannel44, 21.299999999999997
000002EA, TempChannel45, 21.590000000000003
000002EA, VoltageBusHV, 0.0
000002EA, VoltageCellMax, 4.0885
000002EA, VoltageCellMin, 3.8665000000000003
000002EA, CurrentBusHV, 0.0
000002EA, AMS_PackVoltage, 546.92
000002EA, AMS_PackVoltage, 35.84
000002EA, AMS_PackVoltage, 25.61
000002EA, AMS_PackVoltage, 25.62
000002EB, AMS_PackVoltage, 25.63
000002EB, AMS_PackVoltage, 10.31
000002EB, VCU_wheelSpeed_RL, 0.0
000002EB, VCU_wheelSpeed_RR, 0.0
000002EC, RLSpeedKPH, 0.0
000002EC, RRSpeedKPH, 0.0
000002EC, FLSpeedKPH, 0.0
000002EC, FRSpeedKPH, 0.0
000002EC, TCTorqueMax, 3.392
000002EC, TCLeftSlip, -0.999
000002EC, TCRightSlip, -0.999
000002EC, TCTorqueAdjustment, 0.0
000002ED, TCTorqueMax, 3.84
000002ED, TCLeftSlip, 0.006
000002ED, TCRightSlip, 0.0
000002ED, TCTorqueAdjustment, 0.0
000002ED, ThrottlePercent, 0
000002ED, BrakePercent, 6
000002ED, brakePressure, 10
000002ED, SteeringAngle, -3
000002ED, BrakeWhileThrottle, 0
0000031A, VoltageCellMuxSelect, 15
0000031A, VoltageCell46, 3.9401
0000031A, VoltageCell47, 3.903
0000031A, VoltageCell48, 4.0885
0000031A, AdjustedVoltageCellMuxSelect, 15
0000031A, AdjustedVoltageCell46, 3.9400000000000004
0000031A, AdjustedVoltageCell47, 3.9029000000000003
0000031A, AdjustedVoltageCell48, 4.0886000000000005
0000031A, AdjustedVoltageCellMuxSelect, 7
0000031A, AdjustedVoltageCell22, 0.0005
0000031A, AdjustedVoltageCell23, 0.0
0000031A, AdjustedVoltageCell24, 0.0
0000031A, TempChannelMuxSelect, 15
0000031A, TempChannel46, 21.10000000000001
0000031A, TempChannel47, 0.0
0000031A, TempChannel48, 0.0
0000031A, ChannelCurrentRadiator, 0.214
0000031A, ChannelCurrentAccFan, 0.214
0000031A, ChannelCurrentPump1, 0.0
0000031A, ChannelCurrentPump2, 0.134
0000031A, ChannelCurrentAUX1, 0.0
0000031A, ChannelCurrentAUX2, 0.201
0000031A, ChannelCurrentAUX3, 0.0
0000031A, ChannelCurrentAUX4, 0.214
0000031A, ChannelCurrentBMU, 0.523
0000031A, ChannelCurrentCDU, 0.34900000000000003
0000031A, ChannelCurrentTCU, 0.362
0000031A, ChannelCurrentWSB, 0.657
0000031A, ChannelCurrentBrakeLight, 0.0
0000031A, ChannelCurrentInverter, 0.0
0000031B, ChannelCurrentBrakeLight, 0.0
0000031B, ChannelCurrentInverter, 0.0
0000031B, VCU_wheelSpeed_RL, 0.0
0000031B, VCU_wheelSpeed_RR, 0.0
0000031B, RLSpeedKPH, 0.0
0000031B, RRSpeedKPH, 0.0
0000031B, FLSpeedKPH, 0.0
0000031B, FRSpeedKPH, 0.0
0000031C, TCTorqueMax, 3.392
0000031C, TCLeftSlip, -0.999
0000031C, TCRightSlip, -0.999
0000031C, TCTorqueAdjustment, 0.0
0000031C, TCTorqueMax, 0.256
0000031C, TCLeftSlip, -0.006
0000031C, TCRightSlip, -0.003
0000031C, TCTorqueAdjustment, 0.0
0000031D, TCTorqueMax, 2.817
0000031D, TCLeftSlip, -0.024
0000031D, TCRightSlip, -0.003
0000031D, TCTorqueAdjustment, 0.0
0000031D, TCTorqueMax, 2.818
0000031D, TCLeftSlip, 0.018000000000000002
0000031D, TCRightSlip, 0.0
0000031D, TCTorqueAdjustment, 0.0
0000031D, TCTorqueMax, 2.819
0000031D, TCLeftSlip, -0.012
0000031D, TCRightSlip, -0.003
0000031D, TCTorqueAdjustment, 0.0
0000031D, TCTorqueMax, 1.543
0000031D, TCLeftSlip, 0.0
0000031D, TCRightSlip, 0.0
0000031D, TCTorqueAdjustment, 0.0
0000031D, ThrottlePercent, 0
0000031D, BrakePercent, 6
0000031D, brakePressure, 10
0000031D, SteeringAngle, -3
0000031D, BrakeWhileThrottle, 0
0000034C, BMU_checkFailed, BSPD_FAILED
0000034C, BMU_InterlockInitialized, 0
0000034C, VoltageCellMuxSelect, 16
0000034C, VoltageCell49, 4.0571
0000034C, VoltageCell50, 4.0538
0000034C, VoltageCell51, 3.8944
0000034C, VCU_wheelSpeed_RL, 0.0
0000034C, VCU_wheelSpeed_RR, 0.0
0000034C, RLSpeedKPH, 0.0
0000034C, RRSpeedKPH, 0.0
0000034C, FLSpeedKPH, 0.0
0000034C, FRSpeedKPH, 0.0
0000034C, RLSpeedKPH, 20.48
0000034C, RRSpeedKPH, 0.08
0000034C, FLSpeedKPH, 0.0
0000034C, FRSpeedKPH, 0.0
0000034C, TCTorqueMax, 3.392
0000034C, TCLeftSlip, -0.999
0000034C, TCRightSlip, -0.999
0000034C, TCTorqueAdjustment, 0.0
0000034C, AdjustedVoltageCellMuxSelect, 16
0000034C, AdjustedVoltageCell49, 4.0571
0000034C, AdjustedVoltageCell50, 4.0538
0000034C, AdjustedVoltageCell51, 3.8937000000000004
0000034C, TempChannelMuxSelect, 16
0000034C, TempChannel49, 0.0
0000034C, TempChannel50, 0.0
0000034C, TempChannel51, 0.0
0000034E, VoltageBusHV, 0.0
0000034E, VoltageCellMax, 4.0885
0000034E, VoltageCellMin, 3.8665000000000003
0000034E, CurrentBusHV, 0.0
0000034E, VoltageBusHV, 7.68
0000034E, VoltageCellMax, 0.0
0000034E, VoltageCellMin, 0.0
0000034E, CurrentBusHV, 0.0
0000034E, AMS_PackVoltage, 546.92
0000034F, StateBatteryChargeHV, 98.80000000000001
0000034F, StateBatteryHealthHV, 0.0
0000034F, StateBatteryPowerHV, 331.90000000000003
0000034F, TempCellMax, 156.0
0000034F, TempCellMin, 55.0
0000034F, StateBMS, Wait_System_Up
0000034F, HighestTempThermistor, 0
0000034F, VCU_wheelSpeed_RL, 0.0
0000034F, VCU_wheelSpeed_RR, 0.0
0000034F, RLSpeedKPH, 0.0
0000034F, RRSpeedKPH, 0.0
0000034F, FLSpeedKPH, 0.0
0000034F, FRSpeedKPH, 0.0
0000034F, TCTorqueMax, 3.392
0000034F, TCLeftSlip, -0.999
0000034F, TCRightSlip, -0.999
0000034F, TCTorqueAdjustment, 0.0
0000034F, TCTorqueMax, 1.024
0000034F, TCLeftSlip, 0.006
0000034F, TCRightSlip, 0.0
0000034F, TCTorqueAdjustment, 0.0
0000034F, TCTorqueMax, 3.073
0000034F, TCLeftSlip, 0.036000000000000004
0000034F, TCRightSlip, 0.0
0000034F, TCTorqueAdjustment, 0.0
0000034F, TCTorqueMax, 3.074
0000034F, TCLeftSlip, 0.081
0000034F, TCRightSlip, 0.0
0000034F, TCTorqueAdjustment, 0.0
0000034F, TCTorqueMax, 3.075
0000034F, TCLeftSlip, 0.03
0000034F, TCRightSlip, 0.0
0000034F, TCTorqueAdjustment, 0.0
00000350, TCTorqueMax, 2.055
00000350, TCLeftSlip, 0.0
00000350, TCRightSlip, 0.0
00000350, TCTorqueAdjustment, 0.0
00000351, ThrottlePercent, 0
00000351, BrakePercent, 6
00000351, brakePressure, 10
00000351, SteeringAngle, -3
00000351, BrakeWhileThrottle, 0
0000037E, VoltageCellMuxSelect, 17
0000037E, VoltageCell52, 3.9219000000000004
0000037E, VoltageCell53, 3.9226
0000037E, VoltageCell54, 3.9223000000000003
0000037E, AdjustedVoltageCellMuxSelect, 17
0000037E, AdjustedVoltageCell52, 3.9218
0000037E, AdjustedVoltageCell53, 3.9225000000000003
0000037E, AdjustedVoltageCell54, 3.9222
0000037E, TempChannelMuxSelect, 17
0000037E, TempChannel52, 0.0
0000037E, TempChannel53, 0.0
0000037E, TempChannel54, 0.0
0000037E, TempChannelMuxSelect, 0
0000037E, TempChannel01, -89.71
0000037E, TempChannel02, -100.0
0000037E, TempChannel03, -100.0
0000037E, ChannelCurrentRadiator, 0.201
0000037E, ChannelCurrentAccFan, 0.214
0000037E, ChannelCurrentPump1, 0.0
0000037E, ChannelCurrentPump2, 0.214
0000037E, ChannelCurrentAUX1, 0.0
0000037E, ChannelCurrentAUX2, 0.228
0000037E, ChannelCurrentAUX3, 0.0
0000037E, ChannelCurrentAUX4, 0.187
0000037E, ChannelCurrentBMU, 0.537
0000037E, ChannelCurrentCDU, 0.335
0000037E, ChannelCurrentTCU, 0.362
0000037E, ChannelCurrentWSB, 0.631
0000037E, ChannelCurrentBrakeLight, 0.0
0000037E, ChannelCurrentInverter, 0.0
0000037F, VCU_wheelSpeed_RL, 0.0
0000037F, VCU_wheelSpeed_RR, 0.0
0000037F, RLSpeedKPH, 0.0
0000037F, RRSpeedKPH, 0.0
0000037F, FLSpeedKPH, 0.0
0000037F, FRSpeedKPH, 0.0
0000037F, RLSpeedKPH, 92.44
0000037F, RRSpeedKPH, 0.0
0000037F, FLSpeedKPH, 0.0
0000037F, FRSpeedKPH, 0.0
0000037F, TCTorqueMax, 3.392
0000037F, TCLeftSlip, -0.999
0000037F, TCRightSlip, -0.999
0000037F, TCTorqueAdjustment, 0.0
0000037F, TCTorqueMax, 1.536
0000037F, TCLeftSlip, 0.003
0000037F, TCRightSlip, 0.0
0000037F, TCTorqueAdjustment, 0.0
0000037F, ThrottlePercent, 0
0000037F, BrakePercent, 6
0000037F, brakePressure, 10
0000037F, SteeringAngle, -3
0000037F, BrakeWhileThrottle, 0
000003B0, BMU_checkFailed, BSPD_FAILED
000003B0, BMU_InterlockInitialized, 0
000003B0, VoltageCellMuxSelect, 18
000003B0, VoltageCell55, 3.9231000000000003
000003B0, VoltageCell56, 3.9246000000000003
000003B0, VoltageCell57, 3.8969
000003B0, AdjustedVoltageCellMuxSelect, 18
000003B0, AdjustedVoltageCell55, 3.9231000000000003
000003B0, AdjustedVoltageCell56, 3.9246000000000003
000003B0, AdjustedVoltageCell57, 3.8962000000000003
000003B0, AdjustedVoltageCellMuxSelect, 0
000003B0, AdjustedVoltageCell01, 0.0263
000003B0, AdjustedVoltageCell02, 0.0
000003B0, AdjustedVoltageCell03, 0.0
000003B0, AdjustedVoltageCellMuxSelect, 1
000003B0, AdjustedVoltageCell04, 0.0013000000000000002
000003B0, AdjustedVoltageCell05, 0.0
000003B0, AdjustedVoltageCell06, 0.0
000003B0, AdjustedVoltageCellMuxSelect, 2
000003B0, AdjustedVoltageCell07, 0.3597
000003B0, AdjustedVoltageCell08, 0.0
000003B0, AdjustedVoltageCell09, 0.0
000003B0, AdjustedVoltageCellMuxSelect, 3
000003B0, AdjustedVoltageCell10, 0.2061
000003B0, AdjustedVoltageCell11, 0.0
000003B0, AdjustedVoltageCell12, 0.0
000003B0, AdjustedVoltageCellMuxSelect, 7
000003B0, AdjustedVoltageCell22, 0.001
000003B0, AdjustedVoltageCell23, 0.0
000003B0, AdjustedVoltageCell24, 0.0
000003B1, VCU_wheelSpeed_RL, 0.0
000003B1, VCU_wheelSpeed_RR, 0.0
000003B1, TempChannelMuxSelect, 18
000003B1, TempChannel55, 21.42
000003B1, TempChannel56, 21.42
000003B1, TempChannel57, 21.42
000003B1, RLSpeedKPH, 0.0
000003B1, RRSpeedKPH, 0.0
000003B1, FLSpeedKPH, 0.0
000003B1, FRSpeedKPH, 0.0
000003B1, TCTorqueMax, 3.392
000003B1, TCLeftSlip, -0.999
000003B1, TCRightSlip, -0.999
000003B1, TCTorqueAdjustment, 0.0
000003B1, TCTorqueMax, 2.048
000003B1, TCLeftSlip, 0.0
000003B1, TCRightSlip, 0.0
000003B1, TCTorqueAdjustment, 0.0
000003B3, VoltageBusHV, 0.0
000003B3, VoltageCellMax, 4.0885
000003B3, VoltageCellMin, 3.8666
000003B3, CurrentBusHV, 0.0
000003B3, AMS_PackVoltage, 546.92
000003B3, AMS_PackVoltage, 28.23
000003B3, VCU_wheelSpeed_RL, 0.0
000003B3, VCU_wheelSpeed_RR, 0.0
000003B3, VCU_wheelSpeed_RL, 42946.419200000004
000003B3, VCU_wheelSpeed_RR, 0.6553500000000001
000003B3, RLSpeedKPH, 0.0
000003B3, RRSpeedKPH, 0.0
000003B3, FLSpeedKPH, 0.0
000003B3, FRSpeedKPH, 0.0
000003B3, TCTorqueMax, 3.392
000003B3, TCLeftSlip, -0.999
000003B3, TCRightSlip, -0.999
000003B3, TCTorqueAdjustment, 0.0
000003B4, ThrottlePercent, 0
000003B4, BrakePercent, 6
000003B4, brakePressure, 10
000003B4, SteeringAngle, -3
000003B4, BrakeWhileThrottle, 0
000003E2, PDU_Heartbeat_dummydata, 0
000003E2, CarStateIsLV, -1
000003E2, CarStateIsEM, 0
000003E2, CarStateIsHV, 0
000003E2, StateBatteryChargeHV, 98.80000000000001
000003E2, StateBatteryHealthHV, 0.0
000003E2, StateBatteryPowerHV, 331.90000000000003
000003E2, TempCellMax, 156.0
000003E2, TempCellMin, 55.0
000003E2, StateBMS, Wait_System_Up
000003E2, HighestTempThermistor, 0
000003E2, VoltageCellMuxSelect, 19
000003E2, VoltageCell58, 4.0819
000003E2, VoltageCell59, 4.0416
000003E2, VoltageCell60, 4.053100000000001
000003E2, AdjustedVoltageCellMuxSelect, 19
000003E2, AdjustedVoltageCell58, 4.0831
000003E2, AdjustedVoltageCell59, 4.0415
000003E2, AdjustedVoltageCell60, 4.053
000003E2, TempChannelMuxSelect, 19
000003E2, TempChannel58, 21.42
000003E2, TempChannel59, 21.42
000003E2, TempChannel60, 21.42
000003E2, TempChannelMuxSelect, 0
000003E2, TempChannel01, -99.9
000003E2, TempChannel02, -100.0
000003E2, TempChannel03, -100.0
000003E4, TempChannelMuxSelect, 1
000003E4, TempChannel04, 540.14
000003E4, TempChannel05, 555.35
000003E4, TempChannel06, -97.45
000003E4, TempChannelMuxSelect, 2
000003E4, TempChannel07, -25.620000000000005
000003E4, TempChannel08, -100.0
000003E4, TempChannel09, -100.0
000003E4, TempChannelMuxSelect, 3
000003E4, TempChannel10, 10.219999999999999
000003E4, TempChannel11, -100.0
000003E4, TempChannel12, -100.0
000003E4, TempChannelMuxSelect, 7
000003E4, TempChannel22, -99.88
000003E4, TempChannel23, -100.0
000003E4, TempChannel24, -100.0
000003E4, ChannelCurrentRadiator, 0.201
000003E4, ChannelCurrentAccFan, 0.201
000003E4, ChannelCurrentPump1, 0.0
000003E4, ChannelCurrentPump2, 0.214
000003E4, ChannelCurrentAUX1, 0.0
000003E4, ChannelCurrentAUX2, 0.187
000003E4, ChannelCurrentAUX3, 0.0
000003E4, ChannelCurrentAUX4, 0.214
000003E5, ChannelCurrentBMU, 0.537
000003E5, ChannelCurrentCDU, 0.375
000003E5, ChannelCurrentTCU, 0.34900000000000003
000003E5, ChannelCurrentWSB, 0.617
000003E5, ChannelCurrentBrakeLight, 0.0
000003E5, ChannelCurrentInverter, 0.0
000003E5, VCU_wheelSpeed_RL, 0.0
000003E5, VCU_wheelSpeed_RR, 0.0
000003E5, RLSpeedKPH, 0.0
000003E5, RRSpeedKPH, 0.0
000003E5, FLSpeedKPH, 0.0
000003E5, FRSpeedKPH, 0.0
000003E5, TCTorqueMax, 3.392
000003E5, TCLeftSlip, -0.999
000003E5, TCRightSlip, -0.999
000003E5, TCTorqueAdjustment, 0.0
000003E5, TCTorqueMax, 2.816
000003E5, TCLeftSlip, -0.003
000003E5, TCRightSlip, -0.003
000003E5, TCTorqueAdjustment, 0.0
000003E5, TCTorqueMax, 3.335
000003E5, TCLeftSlip, 0.0
000003E5, TCRightSlip, 0.0
000003E5, TCTorqueAdjustment, 0.0
000003E5, VCU_Heartbeat_dummydata, 0
000003E6, ThrottlePercent, 0
000003E6, BrakePercent, 6
000003E6, brakePressure, 10
000003E6, SteeringAngle, -3
000003E6, BrakeWhileThrottle, 0
00000414, BMU_Heartbeat_dummydata, 0
00000414, BMU_checkFailed, BSPD_FAILED
00000414, BMU_InterlockInitialized, 0
00000414, FanPeriod, -112
00000414, BrakePressureBMU, 444.0
00000414, VoltageCellMuxSelect, 20
00000414, VoltageCell61, 3.8672
00000414, VoltageCell62, 3.8702
00000414, VoltageCell63, 3.8709000000000002
00000414, AdjustedVoltageCellMuxSelect, 20
00000414, AdjustedVoltageCell61, 3.8666
00000414, AdjustedVoltageCell62, 3.8701000000000003
00000414, AdjustedVoltageCell63, 3.8708
00000414, AdjustedVoltageCellMuxSelect, 0
00000414, AdjustedVoltageCell01, 0.0268
00000414, AdjustedVoltageCell02, 0.0
00000414, AdjustedVoltageCell03, 0.0
00000414, TempChannelMuxSelect, 20
00000414, TempChannel61, 21.42
00000414, TempChannel62, 0.0
00000414, TempChannel63, 0.0
00000415, VCU_wheelSpeed_RL, 0.0
00000415, VCU_wheelSpeed_RR, 0.0
00000415, RLSpeedKPH, 0.0
00000415, RRSpeedKPH, 0.0
00000415, FLSpeedKPH, 0.0
00000415, FRSpeedKPH, 0.0
00000415, TCTorqueMax, 3.392
00000415, TCLeftSlip, -0.999
00000415, TCRightSlip, -0.999
00000415, TCTorqueAdjustment, 0.0
00000415, TCTorqueMax, 3.841
00000415, TCLeftSlip, 0.123
00000415, TCRightSlip, 0.0
00000415, TCTorqueAdjustment, 0.0
00000417, TCTorqueMax, 3.842
00000417, TCLeftSlip, 0.0
00000417, TCRightSlip, 0.0
00000417, TCTorqueAdjustment, 0.0
00000417, TCTorqueMax, 3.843
00000417, TCLeftSlip, 0.066
00000417, TCRightSlip, 0.0
00000417, TCTorqueAdjustment, 0.0
00000417, TCTorqueMax, 3.591
00000417, TCLeftSlip, 0.0
00000417, TCRightSlip, 0.0
00000417, TCTorqueAdjustment, 0.0
00000417, TCTorqueMax, 3.3280000000000003
00000417, TCLeftSlip, 0.0
00000417, TCRightSlip, 0.0
00000417, TCTorqueAdjustment, 0.0
00000417, VoltageBusHV, 0.04
00000417, VoltageCellMax, 4.0885
00000417, VoltageCellMin, 3.8666
00000417, CurrentBusHV, 0.0
00000417, AMS_PackVoltage, 546.92
00000417, AMS_PackVoltage, 35.84
00000417, ThrottlePercent, 0
00000417, BrakePercent, 6
00000417, brakePressure, 10
00000417, SteeringAngle, -3
00000417, BrakeWhileThrottle, 0
00000418, VCU_wheelSpeed_RL, 0.0
00000418, VCU_wheelSpeed_RR, 0.0
00000418, RLSpeedKPH, 0.0
00000418, RRSpeedKPH, 0.0
00000418, FLSpeedKPH, 0.0
00000418, FRSpeedKPH, 0.0
00000446, TCTorqueMax, 3.392
00000446, TCLeftSlip, -0.999
00000446, TCRightSlip, -0.999
00000446, TCTorqueAdjustment, 0.0
00000446, VoltageCellMuxSelect, 21
00000446, VoltageCell64, 3.8688000000000002
00000446, VoltageCell65, 3.8701000000000003
00000446, VoltageCell66, 3.8703000000000003
00000446, VoltageBusLV, 12.123000000000001
00000446, CurrentBusLV, 0.0
00000446, PowerBusLV, 0
00000446, VoltageBusLV, 3.847
00000446, CurrentBusLV, 0.0
00000446, PowerBusLV, 0
00000446, AdjustedVoltageCellMuxSelect, 21
00000446, AdjustedVoltageCell64, 3.8688000000000002
00000446, AdjustedVoltageCell65, 3.8701000000000003
00000446, AdjustedVoltageCell66, 3.8702
00000448, AdjustedVoltageCellMuxSelect, 0
00000448, AdjustedVoltageCell01, 0.027100000000000003
00000448, AdjustedVoltageCell02, 0.0
00000448, AdjustedVoltageCell03, 0.0
00000448, ChannelCurrentRadiator, 0.214
00000448, ChannelCurrentAccFan, 0.214
00000448, ChannelCurrentPump1, 0.0
00000448, ChannelCurrentPump2, 0.187
00000448, ChannelCurrentAUX1, 0.0
00000448, ChannelCurrentAUX2, 0.187
00000448, ChannelCurrentAUX3, 0.0
00000448, ChannelCurrentAUX4, 0.201
00000448, ChannelCurrentBMU, 0.537
00000448, ChannelCurrentCDU, 0.34900000000000003
00000448, ChannelCurrentTCU, 0.389
00000448, ChannelCurrentWSB, 0.5630000000000001
00000448, ChannelCurrentBrakeLight, 0.0
00000448, ChannelCurrentInverter, 0.0
00000448, StateBatteryChargeHV, 98.80000000000001
00000448, StateBatteryHealthHV, 0.0
00000448, StateBatteryPowerHV, 331.90000000000003
00000448, TempCellMax, 156.0
00000448, TempCellMin, 55.0
00000448, StateBMS, Wait_System_Up
00000448, HighestTempThermistor, 0
00000448, TempChannelMuxSelect, 21
00000448, TempChannel64, 0.0
00000448, TempChannel65, 0.0
00000448, TempChannel66, 0.0
00000449, VCU_wheelSpeed_RL, 0.0
00000449, VCU_wheelSpeed_RR, 0.0
00000449, VCU_wheelSpeed_RL, 42944.43009
00000449, VCU_wheelSpeed_RR, 0.6553500000000001
00000449, VCU_wheelSpeed_RL, 17.694740000000003
00000449, VCU_wheelSpeed_RR, 0.0
00000449, VCU_wheelSpeed_RL, 33.423390000000005
00000449, VCU_wheelSpeed_RR, 0.0
00000449, VCU_wheelSpeed_RL, 7.000000000000001e-05
00000449, VCU_wheelSpeed_RR, 0.0
00000449, VCU_wheelSpeed_RL, 0.65536
00000449, VCU_wheelSpeed_RR, 0.0
00000449, RLSpeedKPH, 0.0
00000449, RRSpeedKPH, 0.0
00000449, FLSpeedKPH, 0.0
00000449, FRSpeedKPH, 0.0
00000449, TCTorqueMax, 3.392
00000449, TCLeftSlip, -0.999
00000449, TCRightSlip, -0.999
00000449, TCTorqueAdjustment, 0.0
0000044B, ThrottlePercent, 0
0000044B, BrakePercent, 6
0000044B, brakePressure, 10
0000044B, SteeringAngle, -3
0000044B, BrakeWhileThrottle, 0
00000478, BMU_checkFailed, BSPD_FAILED
00000478, BMU_InterlockInitialized, 0
00000478, VoltageCellMuxSelect, 22
00000478, VoltageCell67, 3.8695000000000004
00000478, VoltageCell68, 3.962
00000478, VoltageCell69, 3.9506
00000478, VoltageCellMuxSelect, 0
00000478, VoltageCell01, 0.0001
00000478, VoltageCell02, 0.0
00000478, VoltageCell03, 0.0
00000478, AdjustedVoltageCellMuxSelect, 22
00000478, AdjustedVoltageCell67, 3.8689
00000478, AdjustedVoltageCell68, 3.9625000000000004
00000478, AdjustedVoltageCell69, 3.9505000000000003
00000478, TempChannelMuxSelect, 22
00000478, TempChannel67, 0.0
00000478, TempChannel68, 0.0
00000478, TempChannel69, 21.60000000000001
00000478, VCU_wheelSpeed_RL, 0.0
00000478, VCU_wheelSpeed_RR, 0.0
00000479, RLSpeedKPH, 0.0
00000479, RRSpeedKPH, 0.0
00000479, FLSpeedKPH, 0.0
00000479, FRSpeedKPH, 0.0
00000479, TCTorqueMax, 3.392
00000479, TCLeftSlip, -0.999
00000479, TCRightSlip, -0.999
00000479, TCTorqueAdjustment, 0.0
00000479, TCTorqueMax, 0.512
00000479, TCLeftSlip, -0.006
00000479, TCRightSlip, -0.003
00000479, TCTorqueAdjustment, 0.0
00000479, VoltageBusHV, 0.0
00000479, VoltageCellMax, 4.0885
00000479, VoltageCellMin, 3.8666
00000479, CurrentBusHV, 0.0
00000479, AMS_PackVoltage, 546.92
0000047B, AMS_PackVoltage, 2.57
0000047B, AMS_PackVoltage, 2.58
0000047B, AMS_PackVoltage, 2.59
0000047B, AMS_PackVoltage, 5.19
0000047B, AMS_PackVoltage, 7.68
0000047B, ThrottlePercent, 0
0000047B, BrakePercent, 6
0000047B, brakePressure, 10
0000047B, SteeringAngle, -3
0000047B, BrakeWhileThrottle, 0
000004AA, VCU_wheelSpeed_RL, 0.0
000004AA, VCU_wheelSpeed_RR, 0.0
000004AA, VoltageCellMuxSelect, 23
000004AA, VoltageCell70, 3.9519
000004AA, VoltageCell71, 3.8693000000000004
000004AA, VoltageCell72, 3.8689
000004AA, RLSpeedKPH, 0.0
000004AA, RRSpeedKPH, 0.0
000004AA, FLSpeedKPH, 0.0
000004AA, FRSpeedKPH, 0.0
000004AA, AdjustedVoltageCellMuxSelect, 23
000004AA, AdjustedVoltageCell70, 3.9519
000004AA, AdjustedVoltageCell71, 3.8686000000000003
000004AA, AdjustedVoltageCell72, 3.8689
000004AA, TCTorqueMax, 3.392
000004AA, TCLeftSlip, -0.999
000004AA, TCRightSlip, -0.999
000004AA, TCTorqueAdjustment, 0.0
000004AA, TempChannelMuxSelect, 23
000004AA, TempChannel70, 21.450000000000003
000004AA, TempChannel71, 21.86
000004AA, TempChannel72, 21.230000000000004
000004AA, TempChannelMuxSelect, 0
000004AA, TempChannel01, -99.96
000004AA, TempChannel02, -100.0
000004AA, TempChannel03, -100.0
000004AA, ChannelCurrentRadiator, 0.228
000004AA, ChannelCurrentAccFan, 0.214
000004AA, ChannelCurrentPump1, 0.0
000004AA, ChannelCurrentPump2, 0.241
000004AB, ChannelCurrentAUX1, 0.0
000004AB, ChannelCurrentAUX2, 0.214
000004AB, ChannelCurrentAUX3, 0.0
000004AB, ChannelCurrentAUX4, 0.17400000000000002
000004AC, ChannelCurrentBMU, 0.537
000004AC, ChannelCurrentCDU, 0.335
000004AC, ChannelCurrentTCU, 0.362
000004AC, ChannelCurrentWSB, 0.51
000004AC, ChannelCurrentBrakeLight, 0.0
000004AC, ChannelCurrentInverter, 0.0
000004AC, ChannelCurrentBrakeLight, 0.775
000004AC, ChannelCurrentInverter, 0.0
000004AD, ChannelCurrentBrakeLight, 1.28
000004AD, ChannelCurrentInverter, 0.002
000004AD, VCU_wheelSpeed_RL, 0.0
000004AD, VCU_wheelSpeed_RR, 0.0
000004AD, RLSpeedKPH, 0.0
000004AD, RRSpeedKPH, 0.0
000004AD, FLSpeedKPH, 0.0
000004AD, FRSpeedKPH, 0.0
000004AD, TCTorqueMax, 3.392
000004AD, TCLeftSlip, -0.999
000004AD, TCRightSlip, -0.999
000004AD, TCTorqueAdjustment, 0.0
000004AD, ThrottlePercent, 0
000004AD, BrakePercent, 6
000004AD, brakePressure, 10
000004AD, SteeringAngle, -3
000004AD, BrakeWhileThrottle, 0
000004AD, ThrottlePercent, 1
000004AD, BrakePercent, 2
000004AD, brakePressure, -10
000004AD, SteeringAngle, -1
000004AD, BrakeWhileThrottle, 1
000004AD, ThrottlePercent, 2
000004AD, BrakePercent, 2
000004AD, brakePressure, 22
000004AD, SteeringAngle, 0
000004AD, BrakeWhileThrottle, 0
000004DC, ThrottlePercent, 7
000004DC, BrakePercent, 4
000004DC, brakePressure, 0
000004DC, SteeringAngle, 0
000004DC, BrakeWhileThrottle, 0
000004DC, ThrottlePercent, 0
000004DC, BrakePercent, 6
000004DC, brakePressure, 2
000004DC, SteeringAngle, 0
000004DC, BrakeWhileThrottle, 0
000004DC, StateBatteryChargeHV, 98.80000000000001
000004DC, StateBatteryHealthHV, 0.0
000004DC, StateBatteryPowerHV, 331.90000000000003
000004DC, TempCellMax, 156.0
000004DC, TempCellMin, 55.0
000004DC, StateBMS, Wait_System_Up
000004DC, HighestTempThermistor, 0
000004DD, BMU_checkFailed, BSPD_FAILED
000004DD, BMU_InterlockInitialized, 0
000004DD, VoltageCellMuxSelect, 24
000004DD, VoltageCell73, 3.8702
000004DD, VoltageCell74, 3.8703000000000003
000004DD, VoltageCell75, 3.8703000000000003
000004DE, AdjustedVoltageCellMuxSelect, 24
000004DE, AdjustedVoltageCell73, 3.8702
000004DE, AdjustedVoltageCell74, 3.8702
000004DE, AdjustedVoltageCell75, 3.8702
000004DE, TempChannelMuxSelect, 24
000004DE, TempChannel73, 21.200000000000003
000004DE, TempChannel74, 21.269999999999996
000004DE, TempChannel75, 21.370000000000005
000004DE, VCU_wheelSpeed_RL, 0.0
000004DE, VCU_wheelSpeed_RR, 0.0
000004DE, RLSpeedKPH, 0.0
000004DE, RRSpeedKPH, 0.0
000004DE, FLSpeedKPH, 0.0
000004DE, FRSpeedKPH, 0.0
000004DE, TCTorqueMax, 3.392
000004DE, TCLeftSlip, -0.999
000004DE, TCRightSlip, -0.999
000004DE, TCTorqueAdjustment, 0.0
000004DF, RLSpeedKPH, 51.480000000000004
000004DF, RRSpeedKPH, 0.0
000004DF, FLSpeedKPH, 0.0
000004DF, FRSpeedKPH, 0.0
000004DF, VoltageBusHV, 0.0
000004DF, VoltageCellMax, 4.0885
000004DF, VoltageCellMin, 3.8667000000000002
000004DF, CurrentBusHV, 0.0
000004DF, AMS_PackVoltage, 546.92
000004DF, AMS_PackVoltage, 20.48
000004DF, ThrottlePercent, 0
000004DF, BrakePercent, 6
000004DF, brakePressure, 10
000004DF, SteeringAngle, -3
000004DF, BrakeWhileThrottle, 0
0000050E, VoltageCellMuxSelect, 25
0000050E, VoltageCell76, 3.8669000000000002
0000050E, VoltageCell77, 3.8684000000000003
0000050E, VoltageCell78, 3.9595000000000002
0000050F, AdjustedVoltageCellMuxSelect, 25
0000050F, AdjustedVoltageCell76, 3.8669000000000002
0000050F, AdjustedVoltageCell77, 3.8679
0000050F, AdjustedVoltageCell78, 3.9599
0000050F, VCU_wheelSpeed_RL, 0.0
0000050F, VCU_wheelSpeed_RR, 0.0
0000050F, RLSpeedKPH, 0.0
0000050F, RRSpeedKPH, 0.0
0000050F, FLSpeedKPH, 0.0
0000050F, FRSpeedKPH, 0.0
00000510, RLSpeedKPH, 30.76
00000510, RRSpeedKPH, -1.24
00000510, FLSpeedKPH, -0.04
00000510, FRSpeedKPH, 0.0
00000510, RLSpeedKPH, 30.8
00000510, RRSpeedKPH, 1.56
00000510, FLSpeedKPH, 0.0
00000510, FRSpeedKPH, 0.0
00000510, RLSpeedKPH, 30.84
00000510, RRSpeedKPH, 0.88
00000510, FLSpeedKPH, 0.0
00000510, FRSpeedKPH, 0.0
00000510, RLSpeedKPH, 61.72
00000510, RRSpeedKPH, 0.0
00000510, FLSpeedKPH, 0.0
00000510, FRSpeedKPH, 0.0
00000510, RLSpeedKPH, 92.16
00000510, RRSpeedKPH, 0.2
00000510, FLSpeedKPH, 0.0
00000510, FRSpeedKPH, 0.0
00000510, TempChannelMuxSelect, 25
00000510, TempChannel76, 21.340000000000003
00000510, TempChannel77, 0.0
00000510, TempChannel78, 0.0
00000510, TCTorqueMax, 3.392
00000510, TCLeftSlip, -0.999
00000510, TCRightSlip, -0.999
00000510, TCTorqueAdjustment, 0.0
00000510, ChannelCurrentRadiator, 0.214
00000510, ChannelCurrentAccFan, 0.214
00000510, ChannelCurrentPump1, 0.0
00000510, ChannelCurrentPump2, 0.214
00000511, ChannelCurrentAUX1, 0.0
00000511, ChannelCurrentAUX2, 0.241
00000511, ChannelCurrentAUX3, 0.0
00000511, ChannelCurrentAUX4, 0.17400000000000002
00000511, ChannelCurrentBMU, 0.523
00000511, ChannelCurrentCDU, 0.34900000000000003
00000511, ChannelCurrentTCU, 0.362
00000511, ChannelCurrentWSB, 0.657
00000511, ChannelCurrentBrakeLight, 0.0
00000511, ChannelCurrentInverter, 0.0
00000511, ChannelCurrentBrakeLight, 2.56
00000511, ChannelCurrentInverter, 0.001
00000516, ChannelCurrentBrakeLight, 1.799
00000516, ChannelCurrentInverter, 0.0
00000516, VCU_wheelSpeed_RL, 0.0
00000516, VCU_wheelSpeed_RR, 0.0
00000516, RLSpeedKPH, 0.0
00000516, RRSpeedKPH, 0.0
00000516, FLSpeedKPH, 0.0
00000516, FRSpeedKPH, 0.0
00000516, TCTorqueMax, 3.392
00000516, TCLeftSlip, -0.999
00000516, TCRightSlip, -0.999
00000516, TCTorqueAdjustment, 0.0
00000517, ThrottlePercent, 0
00000517, BrakePercent, 6
00000517, brakePressure, 10
00000517, SteeringAngle, -3
00000517, BrakeWhileThrottle, 0
00000517, ThrottlePercent, 0
00000517, BrakePercent, 11
00000517, brakePressure, 6
00000517, SteeringAngle, 0
00000517, BrakeWhileThrottle, 0
00000540, StateBatteryChargeHV, 98.80000000000001
00000540, StateBatteryHealthHV, 0.0
00000540, StateBatteryPowerHV, 331.90000000000003
00000540, TempCellMax, 156.0
00000540, TempCellMin, 55.0
00000540, StateBMS, Wait_System_Up
00000540, HighestTempThermistor, 0
00000540, BMU_checkFailed, BSPD_FAILED
00000540, BMU_InterlockInitialized, 0
00000542, VoltageCellMuxSelect, 26
00000542, VoltageCell79, 3.9477
00000542, VoltageCell80, 3.9508
00000542, VoltageCell81, 3.8706
00000542, VCU_wheelSpeed_RL, 0.0
00000542, VCU_wheelSpeed_RR, 0.0
00000542, AdjustedVoltageCellMuxSelect, 26
00000542, AdjustedVoltageCell79, 3.9476
00000542, AdjustedVoltageCell80, 3.9508
00000542, AdjustedVoltageCell81, 3.87
00000542, RLSpeedKPH, 0.0
00000542, RRSpeedKPH, 0.0
00000542, FLSpeedKPH, 0.0
00000542, FRSpeedKPH, 0.0
00000542, TempChannelMuxSelect, 26
00000542, TempChannel79, 0.0
00000542, TempChannel80, 0.0
00000542, TempChannel81, 0.0
00000543, TCTorqueMax, 3.392
00000543, TCLeftSlip, -0.999
00000543, TCRightSlip, -0.999
00000543, TCTorqueAdjustment, 0.0
00000543, VoltageBusHV, 0.02
00000543, VoltageCellMax, 4.0885
00000543, VoltageCellMin, 3.8667000000000002
00000543, CurrentBusHV, 0.0
00000543, AMS_PackVoltage, 546.92
00000543, ThrottlePercent, 0
00000543, BrakePercent, 6
00000543, brakePressure, 10
00000543, SteeringAngle, -3
00000543, BrakeWhileThrottle, 0
00000543, ThrottlePercent, 7
00000543, BrakePercent, 9
00000543, brakePressure, 0
00000543, SteeringAngle, 0
00000543, BrakeWhileThrottle, 0
00000572, VoltageCellMuxSelect, 27
00000572, VoltageCell82, 3.8707000000000003
00000572, VoltageCell83, 3.8721
00000572, VoltageCell84, 3.8708
00000572, AdjustedVoltageCellMuxSelect, 27
00000572, AdjustedVoltageCell82, 3.8706
00000572, AdjustedVoltageCell83, 3.8720000000000003
00000572, AdjustedVoltageCell84, 3.8708
00000572, AdjustedVoltageCellMuxSelect, 0
00000572, AdjustedVoltageCell01, 0.027
00000572, AdjustedVoltageCell02, 0.0
00000572, AdjustedVoltageCell03, 0.0
00000573, TempChannelMuxSelect, 27
00000573, TempChannel82, 21.060000000000002
00000573, TempChannel83, 21.180000000000007
00000573, TempChannel84, 21.070000000000007
00000573, VCU_wheelSpeed_RL, 0.0
00000573, VCU_wheelSpeed_RR, 0.0
00000574, RLSpeedKPH, 0.0
00000574, RRSpeedKPH, 0.0
00000574, FLSpeedKPH, 0.0
00000574, FRSpeedKPH, 0.0
00000574, ChannelCurrentRadiator, 0.214
00000574, ChannelCurrentAccFan, 0.214
00000574, ChannelCurrentPump1, 0.0
00000574, ChannelCurrentPump2, 0.134
00000574, TCTorqueMax, 3.392
00000574, TCLeftSlip, -0.999
00000574, TCRightSlip, -0.999
00000574, TCTorqueAdjustment, 0.0
00000574, ChannelCurrentAUX1, 0.0
00000574, ChannelCurrentAUX2, 0.214
00000574, ChannelCurrentAUX3, 0.0
00000574, ChannelCurrentAUX4, 0.214
00000574, ChannelCurrentBMU, 0.537
00000574, ChannelCurrentCDU, 0.322
00000574, ChannelCurrentTCU, 0.362
00000574, ChannelCurrentWSB, 0.577
00000574, ChannelCurrentBrakeLight, 0.0
00000574, ChannelCurrentInverter, 0.0
00000574, ChannelCurrentBrakeLight, 1.281
00000574, ChannelCurrentInverter, 65.518
00000574, ChannelCurrentBrakeLight, 1.282
00000574, ChannelCurrentInverter, 65.53
00000575, ChannelCurrentBrakeLight, 1.283
00000575, ChannelCurrentInverter, 0.02
00000575, ChannelCurrentBrakeLight, 2.567
00000575, ChannelCurrentInverter, 0.0
00000575, ChannelCurrentBrakeLight, 3.84
00000575, ChannelCurrentInverter, 0.002
00000575, IMD_R_iso_corrected, 0
00000575, IMD_R_iso_status, 252
00000575, IMD_R_Measurement_Counter, 1
00000575, IMD_Faults, 512
00000575, IMD_Device_activity, 1
00000577, ThrottlePercent, 0
00000577, BrakePercent, 6
00000577, brakePressure, 10
00000577, SteeringAngle, -3
00000577, BrakeWhileThrottle, 0
00000577, VCU_wheelSpeed_RL, 0.0
00000577, VCU_wheelSpeed_RR, 0.0
00000577, VCU_wheelSpeed_RL, 0.0
00000577, VCU_wheelSpeed_RR, 0.0
00000577, RLSpeedKPH, 0.0
00000577, RRSpeedKPH, 0.0
00000577, FLSpeedKPH, 0.0
00000577, FRSpeedKPH, 0.0
